"User id","Full name","First name","Last name",Email,"Created at","Address id","Address user id","House no",Street,Zipcode,"Address city id","City id","City name"
7,"A. K. Krishnamurthy","A. K.",Krishnamurthy,Amurthy@sort.com,"2020-04-24 15:45:54",7,7,1572A,"Hawai Street",19ns8,19,19,Michigan
8,"Aamir khan",Aamir,khan,a@khan.com,"2020-04-24 15:46:35",8,8,618,"Dalal Street",712bsk,7,7,Connecticut
4,"Alex parsons",Alex,parsons,parsonalex@test.com,"2020-04-24 15:42:25",4,4,727,"Street 123",Ahjusbah,28,28,Washington
6,"Buddha dev Mondal","Buddha dev",Mondal,bomondal@pos.com,"2020-04-24 15:45:03",6,6,"D-93, First Floor","sector 52",22017,20,20,Nevada
9,"Fernandes Benjamin",Fernandes,Benjamin,bfran@bski.com,"2020-04-24 15:47:55",9,9,527,"Hawa Hawa",92bjd,15,15,Kansas
11,"Harappa Kumar",Harappa,Kumar,hk@hk.sdb,"2020-04-24 16:03:25",11,11,"A 3/3","St. John's",211A,17,17,Maryland
5,"Ikhlakh Khan",Ikhlakh,Khan,ikhlakhkhan@specialop.com,"2020-04-24 15:44:13",5,5,"A, 102","Al jawahar",12814,8,8,Delaware
2,"John Doe",John,Doe,jdoe@nsk.coj,"2020-04-24 15:40:33",2,2,"11 h no","Fl street",S4181,9,9,Florida
10,"Louis Philip",Louis,Philip,lphilip@lp.com,"2020-04-24 16:02:12",10,10,"A 2/4","R P Street",110021,6,6,Colorado
3,"Saint Smith",Saint,Smith,ssmith@mydomain.com,"2020-04-24 15:41:45",3,3,"715, tower a","Street of atlant",36wj,10,10,Georgia
1,"Sameer Agarwal",Sameer,Agarwal,corporate.sameeragarwal@gmail.com,"2020-04-24 15:39:57",1,1,"H 1403","Pan Oasis, Sector 70",201301,11,11,Hawaii
12,"Test user",Test,user,uertest@test.com,"2020-04-24 16:05:21",12,12,"ABC 123","11, AAvhsa",62bjd,11,11,Hawaii
